nome,href
1 To The Third,/1-to-the-third/
12 Stones,/12-stones/
14G,/14g/
220 Band,/220-band/
4SERES,/4seres/
4x1,/4x1/
4ª Igreja Batista de Macaé,/4-igreja-batista-de-macae/
Abner Anjos,/abner-anjos/
Abraão Lima,/abraao-lima/
Adão e Alex,/adao-e-alex/
Ademes Castro,/ademes-castro/
Ademir Bispo,/ademir-bispo/
Adhemar de Campos,/ademar-de-campos/
Adilson Silva,/adilson-silva/
Adoração & Adoradores,/adoracao-adoradores/
Adoração Espontânea,/adoracao-espontanea/
Adriana Arydes,/adriana-arydes/
Adriana Marques,/adriana-marques/
Adrielle Lopes,/adrielle-lopes/
Adryana Ribeiro,/adriana-ribeiro/
Agnaldo Durant,/agnaldo-durant/
Agnus Dei,/agnus-dei/
Água da Rocha,/agua-da-rocha/
Akácio Rosa,/akacio-rosa/
Alan Boladão,/alan-boladao/
Alana Silva,/alana-silva/
Alceu Pires,/alceu-pires/
Alda Célia,/alda-celia/
Aldoraya,/aldoraya/
Alê Pontes,/ale-pontes/
Alessandra Samadello,/alessandra-samadello/
Alex & Alex,/alex-alex/
Alex Gonzaga,/alex-gonzaga/
Alexandre Bernardino,/alexandre-bernardino/
Aliança de Cristo,/alianca-de-cristo/
Alice e Marquinhos,/alice-e-marquinhos/
Alice Maciel,/alice-maciel/
Alice Pires,/alice-pires/
Aliciane,/aliciane/
Aline Barros,/aline-barros/
Aline Brasil,/aline-brasil/
Aline Venturi,/aline-venturi/
Alison Lucas,/alison-lucas/
AllanVinicius,/allanvinicius/
Allysson Leite,/allysson-leite/
Alto Louvor,/alto-louvor/
Altos Louvores,/altos-louvores/
Álvaro Medeiros,/alvaro-medeiros/
Álvaro Tito,/alvaro-tito/
Alyne Couto,/alyne-couto/
Amanda de Paula,/amanda-de-paula/
Amanda Ferrari,/amanda-ferrari/
Amanda Hellem,/amanda-hellem/
Amanda Melo,/amanda-melo/
Amara Cerqueira,/amara-cerqueira/
Amy Grant,/amy-grant/
Ana Ferrari,/ana-ferrari/
Ana Paula Araújo,/cantora-ana-paula-araujo/
Ana Paula de Bom Jardim,/ana-paula-de-bom-jardim/
Ana Paula Morais,/ana-paula-morais/
Ana Paula Procópio,/ana-paula-procopio/
Anderson Barros,/anderson-barros/
Anderson Freire,/anderson-freire/
André e Felipe,/andre-e-felipe/
André Valadão,/andre-valadao/
Andréa Fontes,/andrea-fontes/
Andreia da Paschoa,/andreia-da-paschoa/
Andréia Sorvetão,/andreia-sorvetao/
Andy Mineo,/andy-mineo/
Anjos de Resgate,/anjos-de-resgate/
Anjos do Senhor,/anjos-do-senhor/
Anselmo Rodrigues,/anselmo-rodrigues/
Antônio Cirilo,/antonio-cirilo/
Ao Cubo,/ao-cubo/
Apc 21,/apc-21/
Apocalipse 16,/apocalipse-16/
Arautos do Rei,/arautos-do-rei/
Arena Louvor,/arena-louvor/
Arianne,/arianne/
Ariely Bonatti,/ariely-bonatti/
Armando Filho,/armando-filho/
Art'trio,/arttrio/
Arthur Callazans,/arthur-callazans/
As I Lay Dying,/as-i-lay-dying/
Asaph Borba,/asaph-borba/
Atmosfera de Adoração,/atmosfera-de-adoracao/
Átrios do Rei,/atrios-do-rei/
Audenise Santos,/audenise-santos/
Auriane Braga,/auriane-braga/
Azaph CYZPS,/azaph-cyzps/
Banda Alien,/banda-alien/
Banda Alta Voltagem,/alta-voltagem/
Banda Angelus,/banda-angelus/
Banda Bom Pastor,/banda-bom-pastor/
Banda Brasil Sagrado,/banda-brasil-sagrado/
Banda Connect4,/banda-connect4/
Banda de Fátima,/banda-de-fatima/
Banda Dom,/banda-dom/
Banda Encontrai,/banda-encontrai/
Banda Êxodo,/banda-exodo/
Banda G2:20,/banda-g220/
Banda Gênesis (2),/banda-genesis-2/
Banda Geração 4 Worship,/banda-geracao-4-worship/
Banda Giom,/banda-giom/
Banda ICTUS,/banda-ictus/
Banda Leão de Judá Resgatados,/banda-leao-de-juda-resgatados/
Banda Loide,/banda-loide/
Banda Louvor 7,/banda-louvor-7/
Banda M.d.p,/banda-m-d-p/
Banda Mundial,/banda-mundial/
Banda Nesher,/banda-nesher/
Banda Órbita Cristã,/banda-orbita-crista/
Banda Romanos,/banda-romanos/
Banda Ruah,/banda-ruah/
Banda Sem Limites (Porto Velho),/banda-sem-limites-pvh/
Banda Sétimo Elo,/banda-setimo-elo/
Banda Sopro de Vida,/banda-sopro-de-vida/
Banda Unção,/banda-uncao/
BarlowGirl,/barlowgirl/
Beatriz (Gospel),/beatriz-gospel/
Beatriz Andrade,/beatriz-andrade/
Beatriz Diniz,/beatriz-diniz/
Beatriz Silveira,/beatriz-silveira/
Bem da Hora,/bem-da-hora/
Ben Cantelon,/ben-cantelon/
Beno Cesar,/beno-cesar/
Bereana Louvor e Adoração,/bereana-louvor-e-adoracao/
Bertony Andrade,/bertony-andrade/
Betinho (Gospel),/betinho-gospel/
Black Threee,/black-threee/
Bola de Neve Church,/bola-de-neve-church/
Brenda Dos Santos,/brenda-dos-santos/
Brenner e Brennon,/brenner-e-brennon/
Brian Littrell,/brian-littrell/
Britt Nicole,/britt-nicole/
Brooke Fraser,/brooke-fraser/
Bruna Barbosa,/bruna-barbosa/
Bruna Karla,/bruna-karla/
Bruna Olly,/bruna-olly/
Bruna Tavares,/bruna-tavares/
Bruno e Bruna,/bruno-e-bruna/
Bruno e Jessica Neves,/bruno-e-jessica-neves/
Bruno Pereira,/bruno-pereira/
Bruno Sampaio,/bruno-sampaio/
Byanka Bia,/byanka-bia/
Byyel Tonielo Starks,/byyel-tonielo-starks/
Caio Leite,/caio-leite/
Caio Oliveira,/caio-oliveira/
Camila Paula,/camila-paula/
Camilla Fernandes,/camilla-fernandes/
Campeiros de Cristo,/campeiros-de-cristo/
Canarinhos de Cristo,/canarinhos-de-cristo/
Canção Nova,/cancao-nova/
Canções de Vida,/cancoes-de-vida/
Cantor Cristão,/cantor-cristao/
Cantor Jessé Santos,/cantor-jesse-santos/
CANTOR RONALD,/cantor-ronald/
Cantora Eliziane,/cantora-eliziane/
Cantora Marlene,/cantora-marlene/
Cantora Silvia Oliveira,/cantora-silvia-oliveira/
Cantora Vanessa Cristina,/cantora-vanessa-cristina/
Cantores de Deus,/cantores-de-deus/
Carla Nascimento,/carla-nascimento/
Carlos Dias,/carlos-dias/
Carlos Doerner,/carlos-doerner/
Carlos Henrique CH,/carlos-henrique-ch/
Carol Bezerra,/carol-bezerra/
Carol Celico,/carol-celico/
Cassiane,/cassiane/
Cassiane e Jairinho,/cassiane-jairinho/
Cássio Marcelo,/cassio-marcelo/
Cast Universal Music Christian Group,/cast-universal-music-christian-group/
Castello do Rei,/castello-do-rei/
Casting Crowns,/casting-crowns/
Catedral,/catedral/
Celia Sakamoto,/celia-sakamoto/
Celina Borges,/celina-borges/
Chagas Sobrinho,/chagas-sobrinho/
Chris Durán,/chris-duran/
Chris Tomlin,/chris-tomlin/
Cícero Nogueira,/cicero-nogueira/
Cinthya Miranda,/cinthya-miranda/
Claudia Cerqueira,/claudia-cerqueira/
Claudia Lira,/claudia-lira/
Cláudia Rocha,/claudia-rocha/
Cláudio Cássio,/claudio-cassio/
Cleidimar Moreira,/cleidimar-moreira/
Coleção Amo Você,/colecao-amo-voce/
Compositor Raiff,/compositor-raiff/
Comunhão e Adoração,/comunhao-e-adoracao/
Comunidade Católica Shalom,/comunidade-catolica-shalom/
Comunidade Das Nações,/comunidade-das-nacoes/
Comunidade Evangélica de Maringá,/comunidade-evangelica-de-maringa/
Comunidade Getsemani,/comunidade-getsemani/
Comunidade Internacional da Zona Sul,/comunidade-internacional-da-zona-sul/
Comunidade Vida Cristã,/comunidade-vida-crista/
Conceição Cabral,/conceicao-cabral/
Congregação Cristã No Brasil,/congregacao-crista-no-brasil/
Conner Mundim,/conner-mundim/
Coral de Asafe,/coral-de-asafe/
Coral Resgate,/coral-resgate/
Coral Resgate Para Vida,/coral-resgate-para-vida/
Cordas Humanas,/cordas-humanas/
Corinhos Evangélicos,/corinhos-evangelicos/
Crianças Diante do Trono,/criancas-diante-do-trono/
Cricia Martins,/cricia-martins/
Cris Deziró,/cris-deziro/
Crisangela,/crisangela/
Crisleane Ferreira,/crisleane-ferreira/
crissilva,/crissilva/
Cristiane Medeiros,/cristiane-medeiros/
Cristina Mel,/cristina-mel/
Cusm,/cusm/
Custódio Queiroga,/custodio-queiroga/
D'Sarme,/dsarme/
Dallas Holm,/dallas-holm/
Dállyda Viana,/dallyda-viana/
Dalvimar Gallo,/dalvimar-gallo/
Dalvinha,/dalvinha/
Damares,/damares/
Damaris,/damaris/
Dan Damasceno,/dan-damasceno/
Dani di Flores,/dani-di-flores/
Daniel Cleberson,/daniel-cleberson/
Daniel Costa,/daniel-costa/
Daniel e Samuel,/daniel-e-samuel/
Daniel Jr.,/daniel-jr/
Daniel Ludtke,/daniel-ludtke/
Daniel Silgues,/daniel-silgues/
Daniel Souza,/daniel-souza/
Daniela Araújo,/daniela-araujo/
Daniele Cavalheiro,/daniele-cavalheiro/
Daniell Dias,/daniell-dias/
Daniella Bitter,/daniella-bitter/
Danielle Cristina,/danielle-cristina/
Danielle Martins,/danielle-martins/
Danielle Moura,/danielle-moura/
danielmrd,/danielmrd/
DANILO e DANIEL .,/danilo-e-daniel-11/
Danilo Vianna,/danilo-vianna/
Danniel Ribeiro,/danniel-ribeiro/
Danny Mello,/danny-mello/
Dany Grace,/dany-grace/
Davi Marques,/davi-marques/
Davi Sacer,/davi-sacer/
Davi Silva,/davi-silva/
David Bencio,/david-bencio/
David Quinlan,/david-quinlan/
Davy Klaus,/davy-klaus/
Dayane Damasceno,/dayane-damasceno/
Death Therapy,/death-therapy/
Débora do Violão,/debora-do-violao/
Débora e Ereni,/debora-e-ereni/
Débora e Léia,/debora-e-leia/
Débora Reis,/debora-reis/
Débora Silva,/debora-silva/
Deborah Coelho,/deborah-coelho/
Deborah Liarth,/deborah-liarth/
Deborah Marinho,/deborah-marinho/
Deborah Medeiros,/deborah-medeiros/
Deiber Lucas,/deiber-lucas/
Deise do Vale,/deise-do-vale/
Deise e Denise,/deise-e-denise/
Deise Rosa,/deise-rosa/
Delirious,/delirious/
Delmo Fernandes,/delmo-fernandes/
Demètryus Silva,/demetryus-silva/
Demon Hunter,/demon-hunter/
Denian e Dianini,/denian-e-dianini/
Denise Alavarse,/denise-alavarse/
Denise Cerqueira,/denise-cerqueira/
Deusiane Oliveira,/deusiane-oliveira/
Deyvison Silva,/deyvison-silva/
Diácono Nelsinho Corrêa,/diacono-nelsinho-correa/
Diante do Trono,/diante-do-trono/
Diego Fernandes,/diego-fernandes/
Diego Moraes (Capivari),/diego-moraes-capivari/
Dina Rosa,/dina-rosa/
Discopraise,/discopraise/
DJ Alpiste,/dj-alpiste/
DJ PV,/dj-pv/
Djalma,/djalma/
DNT Beatmaker,/dnt-beatmaker/
Doidin de Deus,/doidin-de-deus/
Dominic Balli,/dominic-balli/
Dominus,/dominus/
Douglas Figueiredo,/douglas-figueiredo/
Dunga,/dunga/
Dupla de 5,/dupla-de-5/
Dupla Sael,/dupla-sael/
Duvalle Rocha,/duvalle-rocha/
Ed Silva e Otania,/ed-silva-e-otania/
Eddie Blue Demolidor,/eddie-blue-demolidor/
Edennei Valente,/edennei-valente/
Eder Ramos,/eder-ramos/
Edgard Ferreira & Banda K'reggae,/edgard-ferreira-banda-kreggae/
Edilaine Silva,/cantora-edilaine-silva/
Edilma Santos,/edilma-santos/
Edilson Brasileiro,/edilson-brasileiro/
Edison Amancio,/edison-amancio/
Edméia Oliveira,/edmeia-oliveira/
Edna Pandolfo,/edna-pandolfo/
Edson Ferreira,/edson-ferreira/
Edson Montenegro,/edson-montenegro/
Edson Santanna,/edson-santanna/
Edu Melo,/eduardo-melo-e-banda/
Eduardo Cardozo,/eduardo-cardozo/
Elaine de Jesus,/elaine-de-jesus/
Elaine Martins,/elaine-martins/
Eliã Oliveira,/elia-oliveira/
Eliana Ribeiro,/eliana-ribeiro/
Eliane Silva,/eliane-silva/
Elias dos Santos (2),/elias-dos-santos-2/
Elias Silva,/elias-silva/
Elihana Elias (Gospel),/elihana-elias-gospel/
Élika Rodrigues,/elika-rodrigues/
Elis Jhon,/elis-jhon/
Elisangela Liz,/elisangela-liz/
Elisângela Silva,/elisangela-silva/
Eliseu Alvernaz,/eliseu-alvernaz/
Elísio Neto,/elisio-neto/
Ellas,/grupo-ellas/
Ellen Christina,/ellen-christina/
Ellienay Santana,/ellienay-santana/
Ellis Oliver,/ellis-oliver/
Emerson Pinheiro,/emerson-pinheiro/
Enes Gomes,/enes-gomes/
Entre Elas,/entre-elas/
Equipe Obra de Amor,/equipe-obra-de-amor/
Ereli Prates,/ereli-prates/
Eric Henrique,/eric-henrique/
Erlandia Santana,/erlandia-santana/
Eros Biondini,/eros-biondini/
Erthal,/erthal/
Escolhidos Para Adorar,/escolhidos-para-adorar/
Esdras Gallo,/esdras-gallo/
Esdras Proto,/esdras-proto/
Essência do Rei,/essencia-do-rei/
Eterna,/eterna/
Eunice Ferreira,/eunice-ferreira/
Evandilma Moura,/evandilma-moura/
Evando Sales,/evando-sales/
Eyshila,/eyshila/
Ezequias Inacio Marcelino,/ezequias-inacio-marcelino/
Fabiana Hilgert,/fabiana-hilgert/
Fabiana Lopes,/fabiana-lopes/
Fabiana Ranieri,/fabiana-ranieri/
Fabiane Gurgel,/fabiane-gurgel/
Fabiano Santos,/fabiano-santos/
Fabio Moreira,/fabio-moreira/
Fabricia Ferrreira,/fabricia-ferrreira/
Fabrícia Maira,/fabricia-maira/
Fabyano Barcellos,/fabyano-barcellos/
Família Fonzarelly,/familia-fonzarelly/
Fechados com o Reino,/fechados-com-o-reino/
Feliciano Amaral,/feliciano-amaral/
Felipe Bonavita,/felipe-bonavita/
Felipe Carvalho,/felipe-carvalho/
Felipe Rocha,/felipe-rocha/
Felipe Salaibe,/felipe-salaibe/
Felipe Vitória,/felipe-vitoria/
Fernanda Brum,/fernanda-brum/
Fernanda Brum e Eyshila,/fernanda-brum-e-eyshila/
Fernanda França Marques,/fernanda-franca-marques/
Fernanda Lara,/fernanda-lara/
Fernandinho,/fernandinho/
Fernando Iglesias,/fernando-iglesias/
filhologico,/filhologico/
Filhos do Homem,/filhos-do-homem/
Filipe Lima,/filipe-lima/
Fireflight,/fireflight/
Flavinho,/flavinho/
Flordelis,/flordelis/
Flyleaf,/flyleaf/
Follow,/follow/
For Today,/for-today/
Formiga DJ,/formiga-dj/
Forrozão Prime,/forrozao-prime/
Francielly Alves,/francielly-alves/
Francimario,/francimario/
Francisco Brito e Rosa Maria,/francisco-brito-e-rosa-maria/
Francisco Dias dos Santos,/francisco-dias-dos-santos/
Fransquin de Uruburtama,/fransquin-de-uruburtama/
Franthiesca,/franthiesca/
Fred Arrais,/fred-arrais/
Fred Porto,/fred-porto/
Fruto de Adoração,/fruto-de-adoracao/
Fruto Sagrado,/fruto-sagrado/
Gabriel Alcântara,/gabriel-alcantara/
Gabriel Rezende,/gabriel-rezende/
Gabriel Tavela,/gabriel-tavela/
Gabriel Vassan,/gabriel-vassan/
Gabriel Wellington,/gabriel-wellington/
Gabriela Barbosa,/gabriela-barbosa/
Gabriela e Sunamita,/gabriela-e-sunamita/
Gabriela Rocha,/gabriela-rocha/
Gabriela Rocha & Elias Dos Santos,/gabriela-rocha-elias-dos-santosirmaos-na-fe/
Gabriela Smith,/gabriela-smith/
Gaby Polesi,/gaby-polesi/
Gadel Teixeira & Banda,/gadel-teixeira-banda/
Gaël António,/gael-antonio/
Gaither Vocal Band,/gaither-vocal-band/
Garagem 33,/garagem-33/
GAT MC,/gat-mc/
Generation Unleashed,/generation-unleashed/
Georgete Rocha,/georgete-rocha/
Geração Impacto,/geracao-impacto/
Gerlane Oliveira,/gerlane-oliveira/
Gerson Cardozo,/gerson-cardozo/
Gerson Rufino,/gerson-rufino/
Gerusa Barros,/gerusa-barros/
Giesley Mota,/giesley-mota/
Gil Mayer e Catia Mayer,/gil-mayer-e-catia-mayer/
Gilberto França,/gilberto-franca/
Gilson Alves,/gilson-alves/
Gilson Campos,/gilson-campos/
Gilvane Silva,/gilvane-silva/
Giovanna Cavalcante,/giovanna-cavalcante/
Gisele Cristina,/gisele-cristina/
Gisele Nascimento,/gisele-nascimento/
Giselle Di Mene,/giselle-di-mene/
Giselli Cristina,/giselli-cristina/
Gislaine e Mylena,/gislaine-e-milena/
Gospel Roots,/gospel-roots/
Gracy Oliveira,/gracy-oliveira/
Graziela,/graziela/
Group 1 Crew,/group-1-crew/
Grupo Acorde,/grupo-acorde/
Grupo Ame,/grupo-ame/
Grupo Asafe,/grupo-asafe/
Grupo Chamas,/grupo-chamas/
Grupo Fogo No Pé,/grupo-fogo-no-pe/
Grupo Jovem Ágape,/grupo-jovem-agape/
Grupo Logos,/grupo-logos/
Grupo Voicings,/grupo-voicings/
Gui Rebustini,/gui-rebustini/
Gustavo Cardoso,/gustavo-cardoso/
Guto Landeira,/guto-landeira/
GvWorship,/gvworship/
Haldo e Diames,/haldo-e-diames/
Hallana Pereira,/hallana-pereira/
Handson Holanda,/handson-holanda/
Harpa Cristã,/harpa-crista/
HB,/hb/
Hc4,/hc4/
Hebron - Banda e Coral,/hebron-banda-e-coral/
Hellen Galdeano,/hellen-galdeano/
Hellenara Lopes,/hellenara-lopes/
Heloisa Rosa,/heloisa-rosa/
Hemanuel e Hisrael,/hemanuel-e-hisrael/
Henrique Cerqueira,/henrique-cerqueira/
Henrique Soares,/henrique-soares/
Hércules Camilo,/hercules-camilo/
Heritage Singers,/heritage-singers/
Herlon Farias,/herlon-farias/
Hian Ferreira,/hian-ferreira/
Hillsong Kids,/hillsong-kids/
Hillsong United,/hillsong-united/
Hingridy Roberta,/hingridy-roberta/
Hinos Sud,/hinos-sud/
Iarca Church,/iarca-church/
IDERAPD3,/iderapd3/
Igreja Batista da Lagoinha,/igreja-batista-da-lagoinha/
Igreja Batista de Nova Jerusalém,/igreja-batista-de-nova-jerusalem/
Igreja Batista do Morumbi,/igreja-batista-do-morumbi/
Igreja Batista Nova Ebenezer,/igreja-batista-nova-ebenezer/
Igreja Bíblica da Paz,/igreja-biblica-da-paz/
Igreja Cristã Maranata,/igreja-crista-maranata/
Igreja de Nova Vida,/igreja-de-nova-vida/
Ilan Music,/ilan-music/
Ilda Vitória,/ilda-vitoria/
Ingrid e Daiane,/ingrid-e-daiane/
InPacto,/inpacto/
Irene Crispim,/irene-crispim/
Irmã Kelly Patricia,/irma-kelly-patricia/
Isaias Campelo,/isaias-campelo/
Isus Ministério de Louvor,/isus-ministerio-de-louvor/
Ítalo Ribeiro,/italo-ribeiro/
Italo Rodrigues,/italo-rodrigues/
Italo Villar,/italo-villar/
Ivan Lima,/ivan-lima/
Ivan Marinho,/ivan-marinho/
Ivanilton Guimarães,/ivanilton-guimaraes/
Iveline,/iveline/
Izabelle Ribeiro,/izabelle-ribeiro/
Izaias Carneiro,/izaias-carneiro/
J Kastro,/j-kastro/
J. Cesar,/cantor-j-cesar/
J. Neto,/j-neto/
Jabes Gilleade,/jabes-gilleade/
Jaci Velasquez,/jaci-velasquez/
Jackson Mc,/jackson-mc/
Jacky Saints,/jacky-saints/
Jair Pires,/jair-pires/
Jair Rosseto,/jair-rosseto/
Jair Santos,/jair-santos/
Jairo Bonfim,/jairo-bonfim/
Jakson Silva,/jakson-silva/
James Bignon,/james-bignon/
Jamily,/jamily/
Jane Peixoto,/jane-peixoto/
Jars Of Clay,/jars-of-clay/
Jeanne Mascarenhas,/jeanne-mascarenhas/
Jeferson Tavares,/jeferson-tavares/
Jefferson Luis - JL,/jefferson-luis-jl/
Jefferson Rocha,/jefferson-rocha/
Jefferson Salazar,/jefferson-salazar/
Jéfferson Yuri,/jefferson-yuri/
Jenneff Luiza,/jenneff-luiza/
Jennifer Matos,/jennifer-matos/
Jeremy Camp,/jeremy-camp/
Jesiana Roque,/jesiana-roque/
Jesiel Garcia,/jesiel-garcia/
Jessé Aguiar,/jesse-aguiar/
Jessé Pedra Trio,/jesse-pedra-trio/
Jessé Valim,/jesse-valim/
Jéssica Beatriz,/jessica-beatriz/
Jessica Lima (Gospel),/jessica-lima-gospel/
Jessyca,/jessyca/
Jesus Adrian Romero,/jesus-adrian-romero/
Jesus Culture,/jesus-culture/
JFJR Livre,/jfjr-livre/
Jhon Guimarães,/jhon-guimaraes/
Jilton Carvalho,/jilton-carvalho/
Jimmy Needham,/jimmy-needham/
Jó 42,/jo-42/
João e Edson,/joao-e-edson/
João Pedro Araújo,/joao-pedro-araujo/
João Sallomé,/joao-sallome/
João Victor Barros,/joao-victor-barros/
Joceli Silva,/cantora-joceli-silva/
Joe Vasconcelos,/joe-vasconcelos-maravilhado/
Joel Soares,/joel-soares/
John Sonderan,/john-sonderan/
Jolix Christian,/jolix-christian/
Jon Foreman,/jon-foreman/
Jonas Santos,/jonas-santos/
Jônatas Imperador,/jonatas-imperador/
Jonny Voice,/jonny-voice/
Jorge Brasil,/jorge-brasil/
José & Josué,/jose-josue/
José Carlos,/jose-carlos/
José Clévio,/jose-clevio/
José Nunes,/jose-nunes/
José Silva,/jose-silva/
Josh Bales,/josh-bales/
Josimar Suares,/josimar-suares/
Josimarth Dias,/josimarth-dias/
Josué Teodoro,/josue-teodoro/
Josyane Menezes,/josyane-menezes/
JotaAvila7,/jotaavila7/
Jotta A.,/jotta-a/
Joyce Rocha,/joyce-rocha/
Joziane,/joziane/
Jozyanne,/jozyanne/
Juarez Filho,/juarez-filho/
Juarez Wildner,/juarez-wildner/
Juci Ramalho,/juci-ramalho/
Julia Lopes,/julia-lopes/
Júlia Vitória,/julia-vitoria/
Juliana Santiago,/juliana-santiago/
Julio Camargo,/julio-camargo/
Julio Messias,/julio-messias/
Juninho Cruz,/juninho-cruz/
Juninho Gouveia,/juninho-gouveia/
Junior (GOSPEL),/junior/
Júnior Albuquerque,/junior-albuquerque/
Junior Benelli,/junior-benelli/
Junior Lira,/junior-lira/
Junior Silva Queiroz,/junior-silva-queiroz/
Júnior Soares,/junior-soares/
Kadosh - Rap Cristão,/kadosh-rap-cristao/
Karen Andrade,/karen-andrade/
Karen Mascareñas,/karen-mascarenas/
Kari Jobe,/kari-jobe/
Karla Monteiro,/karla-monteiro/
Karol Santos,/karol-santos/
Karol Stahr,/karol-stahr/
Kate Campbell,/kate-campbell/
Kathleen Jungles,/kathleen-jungles/
Katiúscia Damielli,/katiuscia-damielli/
Kaue Batista,/kaue-batista/
Kaue Souza,/kaue-souza/
Keila Gleik,/keila-gleik/
Keila Miranda,/keila-miranda/
Keila Vasconcelos,/keila-vasconcelos/
Kelly Monteiro,/kelly-monteiro/
Kelly Souza,/kelly-souza/
Kemily Santos,/kemily-santos/
Kemuel,/kemuel/
Khorus,/khorus/
Kim,/kim/
King's Kids,/kings-kids/
Kingdom Movement,/kingdom-movement/
Kira Garcêz,/kira-garcez/
Kirk Franklin,/kirk-franklin/
Kleber Barbosa,/kleber-barbosa/
Kleber Lucas,/kleber-lucas/
Kleber Santos (Gospel),/kleber-santos-gospel/
Kleey Bettel,/kleey-bettel/
Krystal Meyers,/krystal-meyers/
Kutless,/kutless/
Lá de Cima,/la-de-cima/
Lacqueline Aires,/lacqueline-aires/
Laércio Oliveira,/laercio-oliveira/
Laressa Abreu,/laressa-abreu/
Laura Morena,/laura-morena/
Lauren Daigle,/lauren-daigle/
Lauriete,/lauriete/
Layla Silva,/layla-silva/
Layza Tavares,/layza-tavares/
Lázaro,/lazaro/
Léa Galvão,/lea-galvao/
Léa Mendonça,/lea-mendonca/
Leandro e Aline Araújo,/leandro-e-aline-araujo/
Leandro Pinheiro,/leandro-pinheiro/
Lecrae,/lecrae/
Leeland,/leeland/
Léia Férrier,/leia-ferrier/
Léia Fontoura,/leia-fontoura/
Léia Sora,/leia-sora/
Leila Alessandra Prado,/leila-alessandra-prado/
Lenny Saboia,/lenny-saboia/
Leo Bianchi,/leo-bianchi/
Léo Jundi,/leo-jundi/
Leonardo Gonçalves,/leonardo-goncalves/
Leonor,/leonor/
Letícia Araujo (Gospel),/leticia-araujo-gospel/
Levy Martins,/levy-martins/
Leyde e Kezya,/leyde-e-kezya/
Lia Rodrigues,/lia-rodrigues/
Lídia Almeida,/lidia-almeida/
Lidia Nascimento,/lidia-nascimento/
Lilian Cardoso,/lilian-cardoso/
Lino Martins,/lino-martins/
Lírio Movement,/lirio-movement/
Livres Nele,/livres-nele/
Livres Para Adorar,/livres-para-adorar/
Liz Lanne,/liz-lanne/
Louvor e Glória,/banda-louvor-e-gloria/
Louvor Get Barreiro,/louvor-get-barreiro/
Louvor Para As Nações,/louvor-para-as-nacoes/
Love Song,/love-song/
Luana Barbedo,/luana-barbedo/
Luana Duarte,/luana-duarte/
Lucas Alencar,/lucas-alencar/
Lucas Borba,/lucas-borba/
Lucas D Bispo,/lucas-d-bispo/
Lucas Ferreira (2),/lucas-ferreira-2/
Lucas Martins,/lucas-martins/
Lucas Moia,/lucas-moia/
Lucas Souza,/lucas-souza/
Luccas Braga,/luccas-braga/
Lucely Uchôa,/lucely-uchoa/
Lucianny Monteiro,/lucianny-monteiro/
Luciano Claw,/luciano-claw/
Luciano Santhiago,/luciano-santhiago/
Lucilene Xavier,/lucilene-xavier/
Lúcio Oliveira,/lucio-oliveira/
Luckas Carbonary,/luckas-carbonary/
LUDI,/ludi/
Ludmila Ferber,/ludmila-ferber/
Luisa Kelly e Marcelo,/luisa-kelly-e-marcelo/
Luiz Artur,/luiz-artur/
Luiz Cláudio (Gospel),/luiz-claudio-gospel/
Luiz de Carvalho,/luiz-de-carvalho/
Lukas Soares,/lukas-soares/
Luyz Jr,/luyz-jr/
Luzia Costa,/luzia-costa/
Lydia Moises,/lydia-moises/
M.J.,/m-j/
Magno Malta,/magno-malta/
Maica Mariano,/maica-mariano/
Maida Braga,/maida-braga/
Mais Luz,/mais-luz/
Mara Dalila,/mara-dalila/
Mara Lima,/mara-lima/
Mara Maravilha,/mara-maravilha/
Marcela Taís,/marcela-tais/
Marcelle Bayão,/marcelle-bayao/
Marcelo Aguiar,/marcelo-aguiar/
Marcelo Crivella,/marcelo-crivella/
Marcelo Dias e Fabiana,/marcelo-dias-e-fabiana/
Marcelo Nascimento,/marcelo-nascimento/
Marcelo Santos Matos,/marcelo-santos-matos/
Marcelo Simão,/marcelo-simao/
Márcia Bandeira,/marcia-bandeira/
Márcia Serra,/marcia-serra/
Márcia Silva,/marcia-silva/
Marcílio Oliveira,/marcilio-oliveira/
Marcio Limier,/marcio-limier/
Márcio Pinheiro,/marcio-pinheiro/
Marcio Todeschini,/marcio-todeschini/
Marcislene,/marcislene/
Marco Aurélio,/marco-aurelio/
Marcos Antigos,/marcos-antigos/
Marcos Antonio,/marcos-antonio/
Marcos Aurelio,/marcos-aurelio/
Marcos Daniel,/marcos-daniel/
Marcos Góes,/marcos-goes/
Marcos Willian,/marcos-willian/
Marcos Witt,/marcos-witt/
Marcus Honorato,/marcus-honorato/
Maria da Luz,/maria-da-luz/
Maria Meirelles,/maria-meirelles/
Mariana Alves,/mariana-alves/
Mariana Valadão,/mariana-valadao/
Marianne Stefany,/marianne-stefany/
Marina de Oliveira,/marina-de-oliveira/
Marlene Veiga,/marlene-veiga/
Marquinhos Gomes,/marquinhos-gomes/
Marquinhos Menezes & Lilian,/marquinhos-menezes-lilian/
Marsena,/marsena/
Marta Lima,/marta-lima/
Marta Valéria,/marta-valeria/
Mary Ellen,/mary-ellen/
Mary Helen,/mary-helen/
Mary Schimidt,/mary-schimidt/
Mateus Reis,/mateus-reis/
Matheus Noquelli,/matheus-noquelli/
Mattina,/mattina/
Mattos Nascimento,/mattos-nascimento/
Maurício Silva,/mauricio-silva/
Maxwell Visão de Aguia,/maxwell-visao-de-aguia/
Mayke Ferraz,/mayke-ferraz/
Maykel Maia,/maykel-maia/
Mc Dodo 013,/mc-dodo-013/
Mc Phul,/mc-phul/
Megafone,/megafone/
Melissa,/melissa/
Melosweet,/melosweet/
Mensageiros de Maria,/mensageiros-de-maria/
Mensagem Brasil,/mensagem-brasil/
Meraki,/meraki/
MercyMe,/mercy-me/
Mergulhando na Adoração,/mergulhando-na-adoracao/
Metal Nobre,/metal-nobre/
Mical Gomez,/mical-gomez/
Michael W. Smith,/michael-w-smith/
Michelle Fonseca,/michelle-fonseca/
Michelle Nascimento,/michelle-nascimento/
Midiã Reis,/midia-reis/
Mig & Meg,/mig-meg/
Mike Archanjo,/mike-archanjo/
Milson Dias,/milson-dias/
Ministério Adoração e Vida,/ministerio-adoracao-e-vida/
Ministério Além do Véu,/ministerio-alem-do-veu/
Ministério Aliança da Promessa,/ministerio-alianca-da-promessa/
Ministério Aliança de Misericórdia,/ministerio-alianca-de-misericordia/
Ministério Alto Preço,/ministerio-alto-preco/
Ministério Amade,/ministerio-amade/
Ministério Ao Rei,/ministerio-ao-rei/
Ministério Apascentar de Nova Iguaçu,/ministerio-apascentar-de-foz-do-iguacu/
Ministério Áquila,/ministerio-aquila/
Ministério Asas da Adoração,/ministerio-asas-da-adoracao/
Ministério Asas da Liberdade,/ministerio-asas-da-liberdade/
Ministério Brasa Viva,/ministerio-brasa-viva/
Ministerio Católico Shuris,/ministerio-catolico-shuris/
Ministerio de Louvor Aliança e Gratidão,/ministerio-de-louvor-alianca-e-gratidao/
Ministério De Louvor Dupla Honra,/ministerio-de-louvor-dupla-honra/
Ministério de Louvor Restauração,/ministerio-de-louvor-restauracao/
Ministério de Música Fonte de Vida,/ministerio-de-musica-fonte-de-vida/
Ministerio Espírito Santo,/ministerio-espirito-santo/
Ministério Essence,/ministerio-essence/
Ministério Estratégia,/ministerio-estrategia/
Ministério Favor do Rei,/ministerio-favor-do-rei/
Ministério Filhos do Leão,/ministerio-filhos-do-leao/
Ministério Filius,/ministerio-filius/
Ministério Fogo Consagrado,/ministerio-fogo-consagrado/
Ministério Geração 7 OM,/ministerio-geracao-7-om/
Ministério Ipiranga,/ministerio-ipiranga/
Ministério Jovem,/ministerio-jovem/
Ministério Koinonya de Louvor,/ministerio-koinonya-de-louvor/
Ministério Menonita,/ministerio-menonita/
Ministério Milagre da Vida,/ministerio-milagre-da-vida/
Ministério Nações para Cristo,/ministerio-nacoes-para-cristo/
Ministério Nascido Das Águas,/ministerio-nascido-das-aguas/
Ministério Nova Geração,/ministerio-nova-geracao/
Ministério Novo Tempo,/ministerio-novo-tempo/
Ministério Palavra Viva,/ministerio-palavra-viva/
Ministério Partido do Alto,/ministerio-partido-do-alto/
Ministerio Parusia,/ministerio-parusia/
Ministério Pedras Vivas,/ministerio-pedras-vivas/
Ministério Profundezas,/ministerio-profundezas/
Ministério Rede de Fé,/ministerio-rede-de-fe/
Ministério Sarando A Terra Ferida,/ministerio-sarando-a-terra-ferida/
Ministério Send,/ministerio-send/
Ministério Som Divino,/ministerio-som-divino/
Ministério Toque de Vida,/ministerio-toque-de-vida/
Ministério Toque No Altar,/ministerio-toque-no-altar/
Ministério Trazendo A Arca,/ministerio-trazendo-a-arca/
Ministério Trindade Santa,/ministerio-trindade-santa/
Ministério Unção Ágape,/ministerio-uncao-agape/
Ministério Unção de Deus,/ministerio-uncao-de-deus/
Ministério Vem Ó Deus,/min-vem-o-deus/
"Ministério Vem, Ó Deus",/ministerio-vem-o-deus/
Ministério Vinícius Zulato,/ministerio-vinicius-zulato/
Ministério Vivo Caminho,/ministerio-vivo-caminho/
Ministério Vou Clamar,/ministerio-vou-clamar/
Miria Mical,/miria-mical/
Mirian Souza,/mirian-souza/
Missão Doulos,/missao-doulos/
Missão Projeto Encontro,/missao-projeto-encontro/
Missionário Shalom,/missionario-shalom/
Moisés Lopes,/moises-lopes/
Moisés Salvador,/moises-salvador/
Monica Belleza,/monica-belleza/
Mônica Curcino,/monica-curcino/
Monique Luz,/monique-luz/
Murilo Olympio,/murilo-olympio/
Músicas Católicas,/musicas-catolicas/
Músicas Gospel,/musicas-gospel/
Mylla Karvalho,/mylla-karvalho/
Naay Lima,/naay-lima/
Nadia Santolli,/nadia-santolli/
Nadson Portugal,/nadson-portugal/
Nael Rodrigues,/nael-rodrigues/
Nanda Santos,/nanda-santos/
Nani Azevedo,/nani-azevedo/
Nara Lopes,/nara-lopes/
Nara Santos,/nara-santos/
Nara Simone,/nara-simone/
Natan Bert,/natan-bert/
Neide Marques,/neide-marques/
Neiva Azarias,/neiva-azarias/
New Mind,/new-mind/
Newsboys,/newsboys/
Nicol Smith,/nicol-smith/
Nicolai,/nicolai/
Nilson e Luciene,/nilson-e-luciene/
NinnoJúnior,/ninnojunior/
Niquésia Santos,/niquesia-santos/
Nívea Silva,/nivea-silva/
Nívea Soares,/nivea-soares/
Nobre Carpinteiro,/nobre-carpinteiro/
Noemi Nonato,/noemi-nonato/
Nonato Rodrigues Braga,/nonato-rodrigues-braga/
Nova Voz,/nova-voz/
Nykson Marley,/nykson-marley/
Nylen Mac,/nylen-mac/
O Monte Luz,/o-monte-luz/
Obede E Tainá,/obede-e-taina/
Oficina G3,/oficina-g3/
Ópera dos Séculos,/opera-dos-seculos/
Os Adoradores,/os-adoradores/
Os Arrebatados,/os-arrebatados/
Os Gargantas de Cristo,/os-gargantas-de-cristo/
Os Levitas,/os-levitas/
Ozeias de Paula,/oseias-de-paula/
P.O.D.,/p-o-d/
Pablo Renato,/pablo-renato/
Padre Agnaldo José,/padre-agnaldo-jose/
Padre Antonio Maria,/padre-antonio-maria/
Padre Elimar Azevedo,/padre-elimar-azevedo/
Padre Ezequiel dal Pozzo,/padre-ezequiel-dal-pozzo/
Padre Fábio de Melo,/fabio-de-melo/
Padre João Carlos,/padre-joao-carlos/
Padre Joãozinho,/padre-joaozinho/
Padre Jonas Abib,/padre-jonas-abib/
Padre Juarez de Castro,/padre-juarez-de-castro/
Padre Léo,/padre-leo/
Padre Marcelo Rossi,/padre-marcelo-rossi/
Padre Reginaldo Manzotti,/padre-reginaldo-manzotti/
Padre Zezinho,/padre-zezinho/
Palavrantiga,/palavrantiga/
Paloma Caldas,/paloma-caldas/
Paloma e Kerolayne,/paloma-e-kerolayne/
Paloma Gomes,/paloma-gomes/
Pamela,/pamela/
Para Nossa Alegria,/para-nossa-alegria/
Parachute Band,/parachute-band/
Pastor Elizeu Canela,/pastor-elizeu-canela/
Pastor Jayme de Amorim,/pastor-jayme/
Pastora Nicole Alves,/pastora-nicole-alves/
Patriarcas Mc's,/patriarcas-mcs/
Patrícia Nunes,/patricia-nunes/
Patricia Ramos,/patricia-ramos/
Paul And Rita Baloche,/paul-and-rita-baloche/
Paula Mendes,/paula-mendes/
Paula Roma,/paula-roma/
Paulo André,/paulo-andre/
Paulo Cesar Baruk,/paulo-cesar-baruk/
Paulo Figueiró,/paulo-figueiro/
Paulo Praciano,/paulo-praciano/
Paulo Rodrigues,/paulo-rodrigues/
Pedro Aragão,/pedro-aragao/
Pequenos Cantores De Apucarana,/pequenos-cantores-de-apucarana/
Perlla,/perlla/
PG,/pg/
Pillar,/pillar/
Pimentas,/pimentas/
Point of Grace,/point-of-grace/
Poramor,/poramor/
Pr. Benedito Francisco,/pr-benedito-francisco/
Pr. David Mascarini,/pr-david-mascarini/
Pr. Gilmar Brito,/pr-gilmar-brito/
Pr. Luizinho Kaju,/pr-luizinho-kaju/
Pr. Marco Feliciano,/pr-marco-feliciano/
Pr. Melvim,/pr-melvim/
Pr. Oseias Silva,/pr-oseias-silva/
Pr. Washington Santos,/pr-washington-santos/
Pra Tua Glória,/pra-tua-gloria/
Praise Machine,/praise-machine/
Pregador Luo,/pregador-luo/
Prisca Borba,/prisca-borba/
Priscila Cruz,/priscila-cruz/
Priscila Lisboa,/priscila-lisboa/
Priscila Reis,/priscila-reis/
Priscilla Alcântara,/priscilla-alcantara/
Priscilla Gollub,/priscilla-gollub/
Prisma Brasil,/prisma-brasil/
Profétikos,/profetikos/
Project Live,/project-live/
Projeto Alerta,/projeto-alerta/
Projeto Alpha,/projeto-alpha/
Projeto Vida Nova de Irajá,/projeto-vida-nova-de-iraja/
Promises,/promises/
Provérbio X,/proverbio-x/
Quarteto Flg,/quarteto-flg/
Rachael Lampa,/rachael-lampa/
Radicais Kids,/radicais-kids/
Rafael Chagas,/rafael-chagas/
Rafael Diego,/rafael-diego/
Rafael Sá,/rafael-sa/
Rafael Silva,/rafael-silva/
Rafael Vasconcelos,/rafael-vasconcelos/
Rafaela Baptista,/rafaela-baptista/
Rafaela Nunes,/rafaela-nunes/
Rafaela Pinho,/rafaela-pinho/
Raffa's MC,/raffas-mc/
RAFLEL,/raflel/
Raimylly Rêgo,/raimylly-rego/
Raiz Coral,/raiz-coral/
Raony Farsura,/raony-farsura/
Rap Com Vida,/rap-com-vida/
Raquel Mello,/raquel-mello/
Raquel Santiago,/raquel-santiago/
Raquel Silva,/raquel-silva/
Raquel Soares,/raquel-soares/
Raquell Paz,/raquell-paz/
Rayssa Carvalho,/rayssa-carvalho/
Rayssa e Ravel,/rayssa-e-ravel/
Realidade Verbal,/realidade-verbal/
Rebeca Carvalho,/rebeca-carvalho/
Rebeca Rocha Sonhos de Deus,/rebeca-rocha-sonhos-de-deus/
Rebecca St. James,/rebecca-st-james/
Recomeçar Worship,/recomecar-worship/
Red,/red/
Rede Ativa,/rede-ativa/
Reginaldo Domingos,/reginaldo-domingos/
Reginaldo Martins,/reginaldo-martins/
Regis & Os Filhos de Cristo,/regis-os-filhos-de-cristo/
Regis Danese,/regis-danese/
Reinup,/reinup/
Reis de Lima,/reis-de-lima/
Renan Almeida,/renan-almeida/
Renan Freixes,/renan-freixes/
Renascer Praise,/renascer-praise/
Renata Damásio,/renata-damasio/
Renata Do Valle,/renata-do-valle/
Renata Galvão,/renata-galvao/
Renato Suhett,/renato-suhett/
Resgate,/resgate/
Rhose Robby,/rhose-robby/
Ricardo Sá,/ricardo-sa/
Rio da Adoração,/rio-da-adoracao/
Robbin Soars,/robbin-soars/
Roberta Di Angellis,/roberta-di-angellis/
Robertinho Rennó,/robertinho-renno/
Roberto Alves,/roberto-alves/
Roberto Barros,/roberto-barros/
Robinson Monteiro,/robinson-monteiro/
Robson e Renan,/robson-e-renan/
Rodolfo Abrantes,/rodolfo-abrantes/
Rodox,/rodox/
Rodrigo Augusto,/rodrigo-augusto/
Rodrigo Soeiro,/rodrigo-soeiro/
ROGERIO PRA CIMA,/rogerio-pra-cima/
Ronaldo Fagundes,/ronaldo-fagundes/
Ronan Sabadini,/ronan-sabadini/
Rosa de Saron,/rosa-de-saron/
Rosângela Marx,/rosangela-marx/
Rosário Negro,/rosario-negro/
Rose Nascimento,/rose-nascimento/
Rosewalter Martins,/rosewalter-martins/
Rosilda e Rosilene,/rosilda-e-rosilene/
Rosivaldo,/rosivaldo/
Rota Adonai,/rota-adonai/
Rozeane Ribeiro,/rozeane-ribeiro/
Sabyan Gambus,/sabyan-gambus/
Salette Ferreira,/salette-ferreira/
Salles,/salles/
Samuel Elias,/samuel-elias/
Samuel Mizrahy,/samuel-mizrahy/
Sandi Patty,/sandi-patty/
Sandra Montes,/sandra-montes/
Sandrinha,/sandrinha/
Santa Geração,/santa-geracao/
Sara Alves,/sara-alves/
Sara Martins,/sara-martins/
Sarah,/sarah/
Sarah Muniz,/sarah-muniz/
Sebhasttião Alves,/sebhasttiao-alves/
Selah,/selah/
sellectrock,/sellectrock/
Sem Atalhos,/sem-atalhos/
SEPT-7,/sept-7/
Sérgio Borges,/sergio-borges/
Sérgio Lopes,/sergio-lopes/
Sérgio Luiz,/sergio-luiz/
Sergio Saas,/sergio-saas/
Shawn Mcdonald,/shawn-mcdonald/
Shekinah Rap,/shekinah-rap/
Shirley Carvalhaes,/shirley-carvalhaes/
Shirley Kaiser,/shirley-kaiser/
Sidnei Cintra,/sidnei-cintra/
Silas Carvalho,/silas-carvalho/
Silmarah Bless,/silmarah-bless/
Silvan Santos,/silvan-santos/
Silvio Dória,/silvio-doria/
Sinal D' Paz,/sinal-d-paz/
SingOut,/singout/
Skillet,/skillet/
Sofia Cardoso,/sofia-cardoso/
Som de Adoração,/som-de-adoracao/
Som e Louvor,/som-e-louvor/
Somos Mais Que Amigos,/somos-mais-que-amigos/
Sonia Ferreira,/sonia-ferreira/
Soraya Moraes,/soraya-moraes/
Sostenes Mendes,/sostenes-mendes/
Stacie Orrico,/stace-orrico/
Stefania Santos,/stefania-santos/
Stryper,/stryper/
Suellen Brum,/suellen-brum/
Suellen Lima,/suellen-lima/
Suely Façanha,/suely-facanha/
Switchfoot,/switchfoot/
Take 6,/take-6/
Talis Müller,/talis-muller/
Talita Pagliarin,/talita-pagliarin/
Talita Páscoa,/talita-pascoa/
Tamara Carvalho,/tamara-carvalho/
Tamires Nascimento,/tamires-nascimento/
Tangela Vieira,/tangela-vieira/
Tania Witt,/tania-witt/
Tatiana Costa,/tatiana-costa/
Tatiara Alalna,/tatiara-alalna/
TAUHRA,/tauhra/
Tayná Fernanda,/tayna-fernanda/
Tempero do Mundo,/tempero-do-mundo/
Templo Soul,/templo-soul/
Testemunhas de Jeová,/testemunhas-de-jeova/
TH Corrêa,/th-correa/
Thales o Levita,/thales-o-levita/
Thalles Roberto,/thalles-roberto/
Thamyres Souza,/thamyres-souza/
Thayara,/thayara/
Thayene Dias,/thayene-dias/
The Caravans,/the-caravans/
The Clark Sisters,/the-clark-sisters/
The Edwin Hawkins Singers,/the-edwin-hawkins-singers/
The Hinsons,/hinsons/
Thiago Godoi,/thiago-godoi/
Thiago Grulha,/thiago-grulha/
Thiago Leone,/thiago-leone/
Thiago Loarte,/thiago-loarte/
Thiago Savonarolla,/thiago-savonarolla/
Thiago Silveira,/thiago-silveira/
Third Day,/third-day/
Tiago e André Arrais,/andre-e-thiago-arrais/
Tici Lino,/tici-lino/
Tico Sensei,/tico-sensei/
Toby Mac,/toby-mac/
Toca de Assis,/toca-de-assis/
Ton Carfi,/ton-carfi/
Tony e Tito,/tony-e-tito/
Torre de Sião,/torre-de-siao/
Tramaine Hawkins,/tramaine-hawkins/
Trap G O General,/trap-g-o-general/
Tribo da Galileia,/tribo-da-galileia/
Tribo do Funk,/tribo-do-funk/
Trifena,/trifena/
Trilhas do Céu,/trilhas-do-ceu/
Trindade - Guerreiros da Fé,/trindade-guerreiros-da-fe/
Trio Nascimento,/trio-nascimento/
Triunfo Celeste,/triunfo-celeste/
Troy Sneed,/troy-sneed/
Tua Palavra,/tua-palavra/
Túlio Régis,/tulio-regis/
Turbo Melody,/turbo-melody/
Turma da Sandrinha,/turma-da-sandrinha/
Turma do Barulho,/turma-do-barulho/
Turminha Viva,/turminha-viva/
Udo França,/udo-franca/
Unção de Deus,/uncao-de-deus/
Underoath,/underoath/
V*enna,/v-enna/
Val e Simone,/val-e-simone/
Valdeci Aguiar,/valdeci-aguiar/
Valdem Mc Sobrevivente da Fé,/valdem-mc-sobrevivente-da-fe/
Valdice Costa,/valdice-costa/
Valdinea Silva,/valdinea-silva/
Valquíria de Oliveira,/valquiria-de-oliveira/
Vanessa Bell Armstrong,/vanessa-bell-armstrong/
Vânia Sampaio,/vania-sampaio/
Vanilda Albuquerque,/vanilda-albuquerque/
Vanilda Bordieri,/vanilda-bordieri/
VCD,/vcd-voz-que-clama-no-deserto/
Vencedores Por Cristo,/vencedores-por-cristo/
Verônica Mendes,/veronica-mendes/
Veste&Glória,/vestegloria/
Via33,/via33/
Vicky Beeching,/vicky-beeching/
Victor Viana,/victor-viana/
Vida Abundante,/vida-abundante/
Vida de Cruz,/vida-de-cruz/
Vida Reluz,/vida-reluz/
Vineyard,/vineyard/
Vineyard Brasil,/vineyard-brasil/
Vinícius & Gabriel,/vinicius-gabriel/
Vivi Ribeiro,/vivi-ribeiro/
Vocal AlvA,/vocal-alva/
Vocal Paz & Música,/vocal-paz-musica/
Voices,/voices/
Vota,/vota/
Voz da Verdade,/voz-da-verdade/
Voz De Comando,/voz-de-comando/
Vozes Eternas,/vozes-eternas/
Wagner Silva (Gospel),/wagner-silva-gospel/
Waldecyr Ribeiro,/waldecyr-ribeiro/
Wallace Lino,/wallace-lino/
Walmir Alencar,/walmir-alencar/
Wanderson de Britto,/wanderson-de-britto/
Warley Cruz,/warley-cruz/
Warren Barfield,/warren-barfield/
Wellen Souza,/wellen-souza/
Wender Aguiar,/wender-aguiar/
Wesley Cruz,/wesley-cruz/
Wilian Nascimento,/wilian-nascimento/
Will Alves,/will-alves/
William e Rosi,/william-e-rosi/
William Lemmes,/william-lemmes/
William Roberto,/william-roberto/
Wilma Machado,/wilma-machado/
Wlademir Thomaz,/wlademir-thomaz/
Wládia Leyliane,/wladia-leyliane/
Workers,/workers/
Xande Oliveira,/xande-oliveira/
Yago Ramos,/yago-ramos/
Yago Veloso,/yago-veloso/
Yasmim Malta,/yasmim-malta/
Youthful Praise,/youthful-praise/
Zé Marco e Adriano,/ze-marco-e-adriano/
Zehut,/zehut/
Ziza Fernandes,/ziza-fernandes/
